non_coil_percent,coil_percent,helix_percent,strand_percent,radius_of_gyration
0.6571428571428571,0.34285714285714286,0.34285714285714286,0.3142857142857143,1.0974538862859071
